ID,ApplicationID,JobID,StartTime,EndTime,Runtime,Status,ErrorLog
1,1,AP0001,5/1/2023,5/1/2023,500,1,
2,1,AP0001,5/2/2023,5/2/2023,467,1,
3,1,AP0001,5/3/2023,5/3/2023,789,1,
4,1,AP0001,5/4/2023,5/4/2023,456,0,"HTTP 404. The resources you are looking for (or one of its dependencies) could have been removed, had its name changed or is temporalirly unavailable."
5,1,AP0001,5/5/2023,5/5/2023,876,1,
6,1,AP0001,5/6/2023,5/6/2023,987,0,HTTP 401: Unauthorized: Access is denied due to invalid credentials. 
7,1,AP0001,5/7/2023,5/7/2023,345,1,
8,1,AP0002,5/1/2023,5/1/2023,567,1,
9,1,AP0002,5/2/2023,5/2/2023,456,0,"HTTP 404. The resources you are looking for (or one of its dependencies) could have been removed, had its name changed or is temporalirly unavailable."
10,1,AP0002,5/3/2023,5/3/2023,765,1,
11,1,AP0002,5/4/2023,5/4/2023,789,0,HTTP 401: Unauthorized: Access is denied due to invalid credentials. 
12,1,AP0002,5/5/2023,5/5/2023,900,1,
13,1,AP0002,5/6/2023,5/6/2023,990,1,
14,1,AP0002,5/7/2023,5/7/2023,876,0,"HTTP 404. The resources you are looking for (or one of its dependencies) could have been removed, had its name changed or is temporalirly unavailable."
15,1,AP0002,5/8/2023,5/8/2023,789,1,
16,1,AP0002,5/9/2023,5/9/2023,678,1,
17,1,AP0002,5/10/2023,5/10/2023,678,0,408 Request time out. Your browser didn't send a complete request in time.
18,1,AP0001,5/8/2023,5/8/2023,567,0,Internal server error: The server encountered an internal error or misconfiguration and was unable to complete your request.
19,1,AP0001,5/9/2023,5/9/2023,876,1,
20,1,AP0001,5/10/2023,5/10/2023,987,0,"HTTP 504: Gateway Timeout. The server, while acting as a gateway or proxy, did not recive a timely response from the upsteam server it accessed in attempting to complete the request."
21,1,AP0001,5/11/2023,5/11/2023,789,1,
22,1,AP0001,5/12/2023,5/12/2023,678,1,
23,1,AP0001,5/13/2023,5/13/2023,789,0,Internal server error: The server encountered an internal error or misconfiguration and was unable to complete your request.
24,1,AP0001,5/14/2023,5/14/2023,990,1,
25,1,AP0001,5/15/2023,5/15/2023,876,1,
26,1,AP0002,5/11/2023,5/11/2023,789,0,HTTP 401: Unauthorized: Access is denied due to invalid credentials. 
27,1,AP0002,5/12/2023,5/12/2023,678,0,408 Request time out. Your browser didn't send a complete request in time.
28,1,AP0002,5/13/2023,5/13/2023,678,1,
29,1,AP0002,5/14/2023,5/14/2023,567,0,"HTTP 404. The resources you are looking for (or one of its dependencies) could have been removed, had its name changed or is temporalirly unavailable."
30,1,AP0002,5/15/2023,5/15/2023,876,1,
31,1,AP0003,5/1/2023,5/1/2023,987,1,
32,1,AP0003,5/8/2023,5/8/2023,789,0,408 Request time out. Your browser didn't send a complete request in time.
33,1,AP0004,5/1/2023,5/1/2023,678,1,
34,1,AP0004,6/1/2023,6/1/2023,789,0,"HTTP 404. The resources you are looking for (or one of its dependencies) could have been removed, had its name changed or is temporalirly unavailable."
35,1,AP0001,5/16/2023,5/16/2023,345,0,"HTTP 504: Gateway Timeout. The server, while acting as a gateway or proxy, did not recive a timely response from the upsteam server it accessed in attempting to complete the request."
36,1,AP0001,5/17/2023,5/17/2023,567,1,
37,7,RP0001,5/1/2023,5/1/2023,456,1,
38,7,RP0001,5/2/2023,5/2/2023,765,1,
39,7,RP0001,5/3/2023,5/3/2023,789,1,
40,7,RP0001,5/4/2023,5/4/2023,345,0,"HTTP 504: Gateway Timeout. The server, while acting as a gateway or proxy, did not recive a timely response from the upsteam server it accessed in attempting to complete the request."
41,7,RP0001,5/5/2023,5/5/2023,567,1,
42,7,RP0001,5/6/2023,5/6/2023,456,0,408 Request time out. Your browser didn't send a complete request in time.
43,7,RP0001,5/7/2023,5/7/2023,765,1,
44,7,RP0001,5/8/2023,5/8/2023,789,1,
45,7,RP0001,5/9/2023,5/9/2023,678,0,"HTTP 504: Gateway Timeout. The server, while acting as a gateway or proxy, did not recive a timely response from the upsteam server it accessed in attempting to complete the request."
46,7,RP0001,5/10/2023,5/10/2023,678,1,
47,7,RP0001,5/8/2023,5/8/2023,567,0,408 Request time out. Your browser didn't send a complete request in time.
48,7,RP0001,5/9/2023,5/9/2023,876,1,
49,7,RP0001,5/10/2023,5/10/2023,987,1,
50,7,RP0001,5/11/2023,5/11/2023,789,0,"HTTP 504: Gateway Timeout. The server, while acting as a gateway or proxy, did not recive a timely response from the upsteam server it accessed in attempting to complete the request."
51,7,RP0001,5/12/2023,5/12/2023,678,1,
52,7,RP0001,5/13/2023,5/13/2023,789,1,
53,7,RP0001,5/14/2023,5/14/2023,990,0,Internal server error: The server encountered an internal error or misconfiguration and was unable to complete your request.
54,7,RP0001,5/15/2023,5/15/2023,876,0,"HTTP 404. The resources you are looking for (or one of its dependencies) could have been removed, had its name changed or is temporalirly unavailable."
55,7,RP0002,5/1/2023,5/1/2023,789,1,
56,7,RP0002,5/2/2023,5/2/2023,678,0,HTTP 401: Unauthorized: Access is denied due to invalid credentials. 
57,7,RP0002,5/3/2023,5/3/2023,678,1,
58,7,RP0002,5/4/2023,5/4/2023,567,1,
59,7,RP0002,5/5/2023,5/5/2023,876,0,"HTTP 404. The resources you are looking for (or one of its dependencies) could have been removed, had its name changed or is temporalirly unavailable."
60,7,RP0002,5/6/2023,5/6/2023,987,1,
61,7,RP0002,5/7/2023,5/7/2023,789,1,
62,7,RP0002,5/8/2023,5/8/2023,678,0,408 Request time out. Your browser didn't send a complete request in time.
63,7,RP0002,5/9/2023,5/9/2023,678,0,Internal server error: The server encountered an internal error or misconfiguration and was unable to complete your request.
64,7,RP0002,5/10/2023,5/10/2023,678,1,
65,7,RP0002,5/8/2023,5/8/2023,567,0,"HTTP 504: Gateway Timeout. The server, while acting as a gateway or proxy, did not recive a timely response from the upsteam server it accessed in attempting to complete the request."
66,7,RP0002,5/9/2023,5/9/2023,876,1,
67,7,RP0002,5/10/2023,5/10/2023,987,1,
68,7,RP0002,5/11/2023,5/11/2023,789,1,
69,7,RP0002,5/12/2023,5/12/2023,678,1,
70,7,RP0002,5/13/2023,5/13/2023,789,0,"HTTP 504: Gateway Timeout. The server, while acting as a gateway or proxy, did not recive a timely response from the upsteam server it accessed in attempting to complete the request."
71,7,RP0002,5/14/2023,5/14/2023,990,0,HTTP 401: Unauthorized: Access is denied due to invalid credentials. 
72,7,RP0002,5/15/2023,5/15/2023,876,1,
73,1,AP0003,5/22/2023,5/22/2023,567,1,
74,1,AP0003,5/29/2023,5/29/2023,678,1,
75,1,AP0003,6/5/2023,6/5/2023,567,0,"HTTP 504: Gateway Timeout. The server, while acting as a gateway or proxy, did not recive a timely response from the upsteam server it accessed in attempting to complete the request."
76,1,AP0003,6/12/2023,6/12/2023,901,1,
77,7,RP0004,5/1/2023,5/1/2023,876,1,
78,7,RP0004,6/1/2023,6/1/2023,987,1,
79,1,AP0001,5/18/2023,5/18/2023,345,1,
80,1,AP0001,5/19/2023,5/19/2023,567,1,
81,1,AP0001,5/20/2023,5/20/2023,456,1,
82,1,AP0001,5/21/2023,5/21/2023,765,1,
83,1,AP0001,5/22/2023,5/22/2023,789,1,
84,1,AP0001,5/23/2023,5/23/2023,789,1,
85,1,AP0001,5/24/2023,5/24/2023,990,1,
86,1,AP0001,5/25/2023,5/25/2023,876,1,
87,1,AP0001,5/26/2023,5/26/2023,789,1,
88,1,AP0001,5/27/2023,5/27/2023,678,0,Internal server error: The server encountered an internal error or misconfiguration and was unable to complete your request.
89,1,AP0001,5/28/2023,5/28/2023,678,1,
90,1,AP0001,5/29/2023,5/29/2023,567,0,"HTTP 504: Gateway Timeout. The server, while acting as a gateway or proxy, did not recive a timely response from the upsteam server it accessed in attempting to complete the request."
91,1,AP0001,5/30/2023,5/30/2023,876,1,
92,1,AP0001,5/31/2023,5/31/2023,987,1,
93,1,AP0001,6/1/2023,6/1/2023,789,0,Internal server error: The server encountered an internal error or misconfiguration and was unable to complete your request.
94,1,AP0001,6/2/2023,6/2/2023,678,1,
95,1,AP0001,6/3/2023,6/3/2023,789,0,"HTTP 504: Gateway Timeout. The server, while acting as a gateway or proxy, did not recive a timely response from the upsteam server it accessed in attempting to complete the request."
96,1,AP0001,6/4/2023,6/4/2023,990,1,
97,1,AP0001,6/5/2023,6/5/2023,876,1,
98,1,AP0001,6/6/2023,6/6/2023,789,0,Internal server error: The server encountered an internal error or misconfiguration and was unable to complete your request.
99,1,AP0001,6/7/2023,6/7/2023,678,1,
100,1,AP0001,6/8/2023,6/8/2023,678,1,
101,1,AP0001,6/9/2023,6/9/2023,567,0,HTTP 401: Unauthorized: Access is denied due to invalid credentials. 
102,1,AP0001,6/10/2023,6/10/2023,876,1,
103,1,AP0001,6/11/2023,6/11/2023,987,1,
104,1,AP0001,6/12/2023,6/12/2023,789,1,
105,1,AP0001,6/13/2023,6/13/2023,678,1,
106,1,AP0001,6/14/2023,6/14/2023,678,1,
107,1,AP0001,6/15/2023,6/15/2023,789,1,
108,1,AP0001,6/16/2023,6/16/2023,678,1,
109,1,AP0001,6/17/2023,6/17/2023,789,0,"HTTP 404. The resources you are looking for (or one of its dependencies) could have been removed, had its name changed or is temporalirly unavailable."
110,1,AP0001,6/18/2023,6/18/2023,990,1,
111,1,AP0001,6/19/2023,6/19/2023,876,1,
112,1,AP0001,6/20/2023,6/20/2023,789,0,408 Request time out. Your browser didn't send a complete request in time.
113,1,AP0001,6/21/2023,6/21/2023,678,1,
114,1,AP0001,6/22/2023,6/22/2023,678,0,"HTTP 404. The resources you are looking for (or one of its dependencies) could have been removed, had its name changed or is temporalirly unavailable."
115,1,AP0001,6/23/2023,6/23/2023,567,1,
116,1,AP0001,6/24/2023,6/24/2023,876,1,
117,1,AP0001,6/25/2023,6/25/2023,987,1,
118,1,AP0001,6/26/2023,6/26/2023,789,1,
119,1,AP0001,6/27/2023,6/27/2023,678,1,
120,1,AP0001,6/28/2023,6/28/2023,678,1,
121,1,AP0001,6/29/2023,6/29/2023,789,1,
122,1,AP0001,6/30/2023,6/30/2023,678,1,
123,1,AP0001,7/1/2023,7/1/2023,789,1,
124,1,AP0001,7/2/2023,7/2/2023,990,1,
125,1,AP0001,7/3/2023,7/3/2023,876,1,
126,1,AP0001,7/4/2023,7/4/2023,789,1,
127,1,AP0001,7/5/2023,7/5/2023,678,1,
128,1,AP0001,7/6/2023,7/6/2023,678,1,
129,1,AP0002,5/18/2023,5/18/2023,567,1,
130,1,AP0002,5/19/2023,5/19/2023,876,1,
131,1,AP0002,5/20/2023,5/20/2023,987,1,
132,1,AP0002,5/21/2023,5/21/2023,789,1,
133,1,AP0002,5/22/2023,5/22/2023,678,1,
134,1,AP0002,5/23/2023,5/23/2023,678,1,
135,1,AP0002,5/24/2023,5/24/2023,789,1,
136,1,AP0002,5/25/2023,5/25/2023,678,1,
137,1,AP0002,5/26/2023,5/26/2023,789,1,
138,1,AP0002,5/27/2023,5/27/2023,990,0,Internal server error: The server encountered an internal error or misconfiguration and was unable to complete your request.
139,1,AP0002,5/28/2023,5/28/2023,876,1,
140,1,AP0002,5/29/2023,5/29/2023,789,0,"HTTP 504: Gateway Timeout. The server, while acting as a gateway or proxy, did not recive a timely response from the upsteam server it accessed in attempting to complete the request."
141,1,AP0002,5/30/2023,5/30/2023,678,1,
142,1,AP0002,5/31/2023,5/31/2023,678,1,
143,1,AP0002,6/1/2023,6/1/2023,567,0,Internal server error: The server encountered an internal error or misconfiguration and was unable to complete your request.
144,1,AP0002,6/2/2023,6/2/2023,876,1,
145,1,AP0002,6/3/2023,6/3/2023,987,0,"HTTP 504: Gateway Timeout. The server, while acting as a gateway or proxy, did not recive a timely response from the upsteam server it accessed in attempting to complete the request."
146,1,AP0002,6/4/2023,6/4/2023,789,1,
147,1,AP0002,6/5/2023,6/5/2023,678,1,
148,1,AP0002,6/6/2023,6/6/2023,678,0,Internal server error: The server encountered an internal error or misconfiguration and was unable to complete your request.
149,1,AP0002,6/7/2023,6/7/2023,789,1,
150,1,AP0002,6/8/2023,6/8/2023,678,1,
151,1,AP0002,6/9/2023,6/9/2023,789,0,HTTP 401: Unauthorized: Access is denied due to invalid credentials. 
152,1,AP0002,6/10/2023,6/10/2023,990,1,
153,1,AP0002,6/11/2023,6/11/2023,876,1,
154,1,AP0002,6/12/2023,6/12/2023,789,1,
155,1,AP0002,6/13/2023,6/13/2023,678,1,
156,1,AP0002,6/14/2023,6/14/2023,678,1,
157,1,AP0002,6/15/2023,6/15/2023,567,1,
158,1,AP0002,6/16/2023,6/16/2023,876,1,
159,1,AP0002,6/17/2023,6/17/2023,987,0,"HTTP 404. The resources you are looking for (or one of its dependencies) could have been removed, had its name changed or is temporalirly unavailable."
160,1,AP0002,6/18/2023,6/18/2023,789,1,
161,1,AP0002,6/19/2023,6/19/2023,678,1,
162,1,AP0002,6/20/2023,6/20/2023,678,0,408 Request time out. Your browser didn't send a complete request in time.
163,1,AP0002,6/21/2023,6/21/2023,789,1,
164,1,AP0002,6/22/2023,6/22/2023,678,0,"HTTP 404. The resources you are looking for (or one of its dependencies) could have been removed, had its name changed or is temporalirly unavailable."
165,1,AP0002,6/23/2023,6/23/2023,789,1,
166,1,AP0002,6/24/2023,6/24/2023,990,1,
167,1,AP0002,6/25/2023,6/25/2023,876,1,
168,1,AP0002,6/26/2023,6/26/2023,789,1,
169,1,AP0002,6/27/2023,6/27/2023,678,1,
170,1,AP0002,6/28/2023,6/28/2023,678,1,
171,1,AP0002,6/29/2023,6/29/2023,567,1,
172,1,AP0002,6/30/2023,6/30/2023,876,1,
173,1,AP0002,7/1/2023,7/1/2023,987,1,
174,1,AP0002,7/2/2023,7/2/2023,789,1,
175,1,AP0002,7/3/2023,7/3/2023,678,1,
176,1,AP0002,7/4/2023,7/4/2023,678,1,
177,1,AP0002,7/5/2023,7/5/2023,789,1,
178,1,AP0002,7/6/2023,7/6/2023,678,1,
179,7,RP0002,5/16/2023,5/16/2023,789,1,
180,7,RP0002,5/17/2023,5/17/2023,678,1,
181,7,RP0002,5/18/2023,5/18/2023,678,1,
182,7,RP0002,5/19/2023,5/19/2023,789,1,
183,7,RP0002,5/20/2023,5/20/2023,678,1,
184,7,RP0002,5/21/2023,5/21/2023,789,1,
185,7,RP0002,5/22/2023,5/22/2023,990,1,
186,7,RP0002,5/23/2023,5/23/2023,789,1,
187,7,RP0002,5/24/2023,5/24/2023,678,1,
188,7,RP0002,5/25/2023,5/25/2023,678,1,
189,7,RP0002,5/26/2023,5/26/2023,789,1,
190,7,RP0002,5/27/2023,5/27/2023,678,1,
191,7,RP0002,5/28/2023,5/28/2023,789,1,
192,7,RP0002,5/29/2023,5/29/2023,678,1,
193,7,RP0002,5/30/2023,5/30/2023,678,1,
194,7,RP0002,5/31/2023,5/31/2023,789,1,
195,7,RP0002,6/1/2023,6/1/2023,678,1,
196,7,RP0002,6/2/2023,6/2/2023,789,1,
197,7,RP0002,6/3/2023,6/3/2023,789,1,
198,7,RP0002,6/4/2023,6/4/2023,678,1,
199,7,RP0002,6/5/2023,6/5/2023,678,1,
200,7,RP0002,6/6/2023,6/6/2023,789,1,
201,7,RP0002,6/7/2023,6/7/2023,678,1,
202,7,RP0002,6/8/2023,6/8/2023,789,1,
203,7,RP0002,6/9/2023,6/9/2023,678,1,
204,7,RP0002,6/10/2023,6/10/2023,678,1,
205,7,RP0002,6/11/2023,6/11/2023,789,1,
206,7,RP0002,6/12/2023,6/12/2023,678,1,
207,7,RP0002,6/13/2023,6/13/2023,789,1,
208,7,RP0002,6/14/2023,6/14/2023,789,1,
209,7,RP0002,6/15/2023,6/15/2023,678,1,
210,7,RP0002,6/16/2023,6/16/2023,678,1,
211,7,RP0002,6/17/2023,6/17/2023,789,1,
212,7,RP0002,6/18/2023,6/18/2023,678,1,
213,7,RP0002,6/19/2023,6/19/2023,789,1,
214,7,RP0002,6/20/2023,6/20/2023,678,1,
215,7,RP0002,6/21/2023,6/21/2023,678,1,
216,7,RP0002,6/22/2023,6/22/2023,789,1,
217,7,RP0002,6/23/2023,6/23/2023,678,1,
218,7,RP0002,6/24/2023,6/24/2023,789,1,
219,7,RP0002,6/25/2023,6/25/2023,789,1,
220,7,RP0002,6/26/2023,6/26/2023,678,1,
221,7,RP0002,6/27/2023,6/27/2023,678,1,
222,7,RP0002,6/28/2023,6/28/2023,789,1,
223,7,RP0002,6/29/2023,6/29/2023,678,1,
224,7,RP0002,6/30/2023,6/30/2023,789,1,
225,7,RP0002,7/1/2023,7/1/2023,678,1,
226,7,RP0002,7/2/2023,7/2/2023,678,1,
227,7,RP0002,7/3/2023,7/3/2023,789,1,
228,7,RP0002,7/4/2023,7/4/2023,678,1,
229,7,RP0002,7/5/2023,7/5/2023,789,1,
230,7,RP0002,7/6/2023,7/6/2023,789,1,
231,7,RP0001,5/16/2023,5/16/2023,678,1,
232,7,RP0001,5/17/2023,5/17/2023,678,1,
233,7,RP0001,5/18/2023,5/18/2023,789,1,
234,7,RP0001,5/19/2023,5/19/2023,678,1,
235,7,RP0001,5/20/2023,5/20/2023,789,1,
236,7,RP0001,5/21/2023,5/21/2023,678,1,
237,7,RP0001,5/22/2023,5/22/2023,678,1,
238,7,RP0001,5/23/2023,5/23/2023,789,1,
239,7,RP0001,5/24/2023,5/24/2023,678,1,
240,7,RP0001,5/25/2023,5/25/2023,789,1,
241,7,RP0001,5/26/2023,5/26/2023,789,1,
242,7,RP0001,5/27/2023,5/27/2023,678,1,
243,7,RP0001,5/28/2023,5/28/2023,678,1,
244,7,RP0001,5/29/2023,5/29/2023,789,1,
245,7,RP0001,5/30/2023,5/30/2023,678,1,
246,7,RP0001,5/31/2023,5/31/2023,789,1,
247,7,RP0001,6/1/2023,6/1/2023,678,1,
248,7,RP0001,6/2/2023,6/2/2023,678,1,
249,7,RP0001,6/3/2023,6/3/2023,789,1,
250,7,RP0001,6/4/2023,6/4/2023,678,1,
251,7,RP0001,6/5/2023,6/5/2023,789,1,
252,7,RP0001,6/6/2023,6/6/2023,789,1,
253,7,RP0001,6/7/2023,6/7/2023,678,1,
254,7,RP0001,6/8/2023,6/8/2023,678,1,
255,7,RP0001,6/9/2023,6/9/2023,789,1,
256,7,RP0001,6/10/2023,6/10/2023,678,1,
257,7,RP0001,6/11/2023,6/11/2023,789,1,
258,7,RP0001,6/12/2023,6/12/2023,678,1,
259,7,RP0001,6/13/2023,6/13/2023,678,1,
260,7,RP0001,6/14/2023,6/14/2023,789,1,
261,7,RP0001,6/15/2023,6/15/2023,678,1,
262,7,RP0001,6/16/2023,6/16/2023,789,1,
263,7,RP0001,6/17/2023,6/17/2023,789,1,
264,7,RP0001,6/18/2023,6/18/2023,678,1,
265,7,RP0001,6/19/2023,6/19/2023,678,1,
266,7,RP0001,6/20/2023,6/20/2023,789,1,
267,7,RP0001,6/21/2023,6/21/2023,678,1,
268,7,RP0001,6/22/2023,6/22/2023,789,1,
269,7,RP0001,6/23/2023,6/23/2023,678,1,
270,7,RP0001,6/24/2023,6/24/2023,678,1,
271,7,RP0001,6/25/2023,6/25/2023,789,1,
272,7,RP0001,6/26/2023,6/26/2023,678,1,
273,7,RP0001,6/27/2023,6/27/2023,789,1,
274,7,RP0001,6/28/2023,6/28/2023,789,1,
275,7,RP0001,6/29/2023,6/29/2023,678,1,
276,7,RP0001,6/30/2023,6/30/2023,678,1,
277,7,RP0001,7/1/2023,7/1/2023,789,1,
278,7,RP0001,7/2/2023,7/2/2023,678,1,
279,7,RP0001,7/3/2023,7/3/2023,789,1,
280,7,RP0001,7/4/2023,7/4/2023,678,1,
281,7,RP0001,7/5/2023,7/5/2023,678,1,
282,7,RP0001,7/6/2023,7/6/2023,789,1,
283,1,AP0003,6/19/2023,6/19/2023,567,1,
284,1,AP0003,6/26/2023,6/26/2023,567,0,"HTTP 404. The resources you are looking for (or one of its dependencies) could have been removed, had its name changed or is temporalirly unavailable."
285,1,AP0003,7/3/2023,7/3/2023,567,1,
286,2,AGI0003,5/1/2023,5/1/2023,987,1,
287,2,AGI0003,5/8/2023,5/8/2023,789,0,408 Request time out. Your browser didn't send a complete request in time.
288,2,AGI0003,5/22/2023,5/22/2023,567,1,
289,7,RP0004,7/1/2023,7/1/2023,876,0,"HTTP 404. The resources you are looking for (or one of its dependencies) could have been removed, had its name changed or is temporalirly unavailable."
290,2,AGI0003,5/29/2023,5/29/2023,678,1,
291,2,AGI0003,6/5/2023,6/5/2023,567,0,HTTP 401: Unauthorized: Access is denied due to invalid credentials. 
292,2,AGI0003,6/12/2023,6/12/2023,901,1,
293,2,AGI0003,6/19/2023,6/19/2023,567,1,
294,2,AGI0003,6/26/2023,6/26/2023,567,0,"HTTP 404. The resources you are looking for (or one of its dependencies) could have been removed, had its name changed or is temporalirly unavailable."
295,2,AGI0003,7/3/2023,7/3/2023,567,1,
296,3,CGL0003,5/1/2023,5/1/2023,987,1,
297,1,AP0004,7/1/2023,7/1/2023,901,1,
298,3,CGL0001,5/1/2023,5/1/2023,500,1,
299,3,CGL0001,5/2/2023,5/2/2023,467,1,
300,3,CGL0001,5/3/2023,5/3/2023,789,1,
301,3,CGL0001,5/4/2023,5/4/2023,456,0,HTTP 401: Unauthorized: Access is denied due to invalid credentials. 
302,3,CGL0001,5/5/2023,5/5/2023,876,1,
303,3,CGL0001,5/6/2023,5/6/2023,987,0,Internal server error: The server encountered an internal error or misconfiguration and was unable to complete your request.
304,3,CGL0001,5/7/2023,5/7/2023,345,1,
305,3,CGL0001,5/8/2023,5/8/2023,567,0,"HTTP 504: Gateway Timeout. The server, while acting as a gateway or proxy, did not recive a timely response from the upsteam server it accessed in attempting to complete the request."
306,3,CGL0001,5/9/2023,5/9/2023,876,1,
307,3,CGL0001,5/10/2023,5/10/2023,987,0,408 Request time out. Your browser didn't send a complete request in time.
308,3,CGL0001,5/11/2023,5/11/2023,789,1,
309,3,CGL0001,5/12/2023,5/12/2023,678,1,
310,3,CGL0001,5/13/2023,5/13/2023,789,0,"HTTP 504: Gateway Timeout. The server, while acting as a gateway or proxy, did not recive a timely response from the upsteam server it accessed in attempting to complete the request."
311,3,CGL0001,5/14/2023,5/14/2023,990,1,
312,3,CGL0001,5/15/2023,5/15/2023,876,1,
313,3,CGL0001,5/16/2023,5/16/2023,345,1,
314,3,CGL0001,5/17/2023,5/17/2023,567,1,
315,3,CGL0001,5/18/2023,5/18/2023,345,1,
316,3,CGL0001,5/19/2023,5/19/2023,567,1,
317,3,CGL0001,5/20/2023,5/20/2023,456,1,
318,3,CGL0001,5/21/2023,5/21/2023,765,1,
319,3,CGL0001,5/22/2023,5/22/2023,789,1,
320,3,CGL0001,5/23/2023,5/23/2023,789,1,
321,3,CGL0001,5/24/2023,5/24/2023,990,1,
322,3,CGL0001,5/25/2023,5/25/2023,876,1,
323,3,CGL0001,5/26/2023,5/26/2023,789,1,
324,3,CGL0001,5/27/2023,5/27/2023,678,1,
325,3,CGL0001,5/28/2023,5/28/2023,678,1,
326,3,CGL0001,5/29/2023,5/29/2023,567,1,
327,3,CGL0001,5/30/2023,5/30/2023,876,1,
328,3,CGL0001,5/31/2023,5/31/2023,987,1,
329,3,CGL0001,6/1/2023,6/1/2023,789,1,
330,3,CGL0001,6/2/2023,6/2/2023,678,1,
331,3,CGL0001,6/3/2023,6/3/2023,789,1,
332,3,CGL0001,6/4/2023,6/4/2023,990,1,
333,3,CGL0001,6/5/2023,6/5/2023,876,1,
334,3,CGL0001,6/6/2023,6/6/2023,789,1,
335,3,CGL0001,6/7/2023,6/7/2023,678,1,
336,3,CGL0001,6/8/2023,6/8/2023,678,1,
337,3,CGL0001,6/9/2023,6/9/2023,567,1,
338,3,CGL0001,6/10/2023,6/10/2023,876,1,
339,3,CGL0001,6/11/2023,6/11/2023,987,1,
340,3,CGL0001,6/12/2023,6/12/2023,789,1,
341,3,CGL0001,6/13/2023,6/13/2023,678,1,
342,3,CGL0001,6/14/2023,6/14/2023,678,1,
343,3,CGL0001,6/15/2023,6/15/2023,789,1,
344,3,CGL0001,6/16/2023,6/16/2023,678,1,
345,3,CGL0001,6/17/2023,6/17/2023,789,0,"HTTP 504: Gateway Timeout. The server, while acting as a gateway or proxy, did not recive a timely response from the upsteam server it accessed in attempting to complete the request."
346,3,CGL0001,6/18/2023,6/18/2023,990,1,
347,3,CGL0001,6/19/2023,6/19/2023,876,1,
348,3,CGL0001,6/20/2023,6/20/2023,789,0,Internal server error: The server encountered an internal error or misconfiguration and was unable to complete your request.
349,3,CGL0001,6/21/2023,6/21/2023,678,1,
350,3,CGL0001,6/22/2023,6/22/2023,678,0,"HTTP 504: Gateway Timeout. The server, while acting as a gateway or proxy, did not recive a timely response from the upsteam server it accessed in attempting to complete the request."
351,3,CGL0001,6/23/2023,6/23/2023,567,1,
352,3,CGL0001,6/24/2023,6/24/2023,876,1,
353,3,CGL0001,6/25/2023,6/25/2023,987,1,
354,3,CGL0001,6/26/2023,6/26/2023,789,1,
355,3,CGL0001,6/27/2023,6/27/2023,678,1,
356,3,CGL0001,6/28/2023,6/28/2023,678,1,
357,3,CGL0001,6/29/2023,6/29/2023,789,1,
358,3,CGL0001,6/30/2023,6/30/2023,678,1,
359,3,CGL0001,7/1/2023,7/1/2023,789,1,
360,3,CGL0001,7/2/2023,7/2/2023,990,1,
361,3,CGL0001,7/3/2023,7/3/2023,876,1,
362,3,CGL0001,7/4/2023,7/4/2023,789,1,
363,3,CGL0001,7/5/2023,7/5/2023,678,1,
364,3,CGL0001,7/6/2023,7/6/2023,678,1,
365,2,AGI001,5/1/2023,5/1/2023,500,1,
366,2,AGI001,5/2/2023,5/2/2023,467,1,
367,2,AGI001,5/3/2023,5/3/2023,789,1,
368,2,AGI001,5/4/2023,5/4/2023,456,0,Internal server error: The server encountered an internal error or misconfiguration and was unable to complete your request.
369,2,AGI001,5/5/2023,5/5/2023,876,1,
370,2,AGI001,5/6/2023,5/6/2023,987,0,"HTTP 504: Gateway Timeout. The server, while acting as a gateway or proxy, did not recive a timely response from the upsteam server it accessed in attempting to complete the request."
371,2,AGI001,5/7/2023,5/7/2023,345,1,
372,2,AGI001,5/8/2023,5/8/2023,567,0,408 Request time out. Your browser didn't send a complete request in time.
373,2,AGI001,5/9/2023,5/9/2023,876,1,
374,2,AGI001,5/10/2023,5/10/2023,987,0,"HTTP 404. The resources you are looking for (or one of its dependencies) could have been removed, had its name changed or is temporalirly unavailable."
375,2,AGI001,5/11/2023,5/11/2023,789,1,
376,2,AGI001,5/12/2023,5/12/2023,678,1,
377,2,AGI001,5/13/2023,5/13/2023,789,0,408 Request time out. Your browser didn't send a complete request in time.
378,2,AGI001,5/14/2023,5/14/2023,990,1,
379,2,AGI001,5/15/2023,5/15/2023,876,1,
380,2,AGI001,5/16/2023,5/16/2023,345,0,"HTTP 504: Gateway Timeout. The server, while acting as a gateway or proxy, did not recive a timely response from the upsteam server it accessed in attempting to complete the request."
381,2,AGI001,5/17/2023,5/17/2023,567,1,
382,2,AGI001,5/18/2023,5/18/2023,345,1,
383,2,AGI001,5/19/2023,5/19/2023,567,1,
384,2,AGI001,5/20/2023,5/20/2023,456,1,
385,2,AGI001,5/21/2023,5/21/2023,765,1,
386,2,AGI001,5/22/2023,5/22/2023,789,1,
387,2,AGI001,5/23/2023,5/23/2023,789,1,
388,2,AGI001,5/24/2023,5/24/2023,990,1,
389,2,AGI001,5/25/2023,5/25/2023,876,1,
390,2,AGI001,5/26/2023,5/26/2023,789,1,
391,2,AGI001,5/27/2023,5/27/2023,678,0,HTTP 401: Unauthorized: Access is denied due to invalid credentials. 
392,2,AGI001,5/28/2023,5/28/2023,678,1,
393,2,AGI001,5/29/2023,5/29/2023,567,0,Internal server error: The server encountered an internal error or misconfiguration and was unable to complete your request.
394,2,AGI001,5/30/2023,5/30/2023,876,1,
395,2,AGI001,5/31/2023,5/31/2023,987,1,
396,2,AGI001,6/1/2023,6/1/2023,789,0,HTTP 401: Unauthorized: Access is denied due to invalid credentials. 
397,2,AGI001,6/2/2023,6/2/2023,678,1,
398,2,AGI001,6/3/2023,6/3/2023,789,0,Internal server error: The server encountered an internal error or misconfiguration and was unable to complete your request.
399,2,AGI001,6/4/2023,6/4/2023,990,1,
400,2,AGI001,6/5/2023,6/5/2023,876,1,
401,2,AGI001,6/6/2023,6/6/2023,789,0,HTTP 401: Unauthorized: Access is denied due to invalid credentials. 
402,2,AGI001,6/7/2023,6/7/2023,678,1,
403,2,AGI001,6/8/2023,6/8/2023,678,1,
404,2,AGI001,6/9/2023,6/9/2023,567,0,"HTTP 404. The resources you are looking for (or one of its dependencies) could have been removed, had its name changed or is temporalirly unavailable."
405,2,AGI001,6/10/2023,6/10/2023,876,1,
406,2,AGI001,6/11/2023,6/11/2023,987,1,
407,2,AGI001,6/12/2023,6/12/2023,789,1,
408,2,AGI001,6/13/2023,6/13/2023,678,1,
409,2,AGI001,6/14/2023,6/14/2023,678,1,
410,2,AGI001,6/15/2023,6/15/2023,789,1,
411,2,AGI001,6/16/2023,6/16/2023,678,1,
412,2,AGI001,6/17/2023,6/17/2023,789,0,408 Request time out. Your browser didn't send a complete request in time.
413,2,AGI001,6/18/2023,6/18/2023,990,1,
414,2,AGI001,6/19/2023,6/19/2023,876,1,
415,2,AGI001,6/20/2023,6/20/2023,789,0,"HTTP 504: Gateway Timeout. The server, while acting as a gateway or proxy, did not recive a timely response from the upsteam server it accessed in attempting to complete the request."
416,2,AGI001,6/21/2023,6/21/2023,678,1,
417,2,AGI001,6/22/2023,6/22/2023,678,0,408 Request time out. Your browser didn't send a complete request in time.
418,2,AGI001,6/23/2023,6/23/2023,567,1,
419,2,AGI001,6/24/2023,6/24/2023,876,1,
420,2,AGI001,6/25/2023,6/25/2023,987,1,
421,2,AGI001,6/26/2023,6/26/2023,789,1,
422,2,AGI001,6/27/2023,6/27/2023,678,1,
423,2,AGI001,6/28/2023,6/28/2023,678,1,
424,2,AGI001,6/29/2023,6/29/2023,789,1,
425,2,AGI001,6/30/2023,6/30/2023,678,1,
426,2,AGI001,7/1/2023,7/1/2023,789,1,
427,2,AGI001,7/2/2023,7/2/2023,990,1,
428,2,AGI001,7/3/2023,7/3/2023,876,1,
429,2,AGI001,7/4/2023,7/4/2023,789,1,
430,2,AGI001,7/5/2023,7/5/2023,678,1,
431,2,AGI001,7/6/2023,7/6/2023,678,1,
432,5,CVA0001,5/1/2023,5/1/2023,500,1,
433,5,CVA0001,5/2/2023,5/2/2023,467,1,
434,5,CVA0001,5/3/2023,5/3/2023,789,1,
435,5,CVA0001,5/4/2023,5/4/2023,456,0,"HTTP 504: Gateway Timeout. The server, while acting as a gateway or proxy, did not recive a timely response from the upsteam server it accessed in attempting to complete the request."
436,5,CVA0001,5/5/2023,5/5/2023,876,1,
437,5,CVA0001,5/6/2023,5/6/2023,987,0,408 Request time out. Your browser didn't send a complete request in time.
438,5,CVA0001,5/7/2023,5/7/2023,345,1,
439,5,CVA0001,5/8/2023,5/8/2023,567,0,"HTTP 404. The resources you are looking for (or one of its dependencies) could have been removed, had its name changed or is temporalirly unavailable."
440,5,CVA0001,5/9/2023,5/9/2023,876,1,
441,5,CVA0001,5/10/2023,5/10/2023,987,0,HTTP 401: Unauthorized: Access is denied due to invalid credentials. 
442,5,CVA0001,5/11/2023,5/11/2023,789,1,
443,5,CVA0001,5/12/2023,5/12/2023,678,1,
444,5,CVA0001,5/13/2023,5/13/2023,789,0,"HTTP 404. The resources you are looking for (or one of its dependencies) could have been removed, had its name changed or is temporalirly unavailable."
445,5,CVA0001,5/14/2023,5/14/2023,990,1,
446,5,CVA0001,5/15/2023,5/15/2023,876,1,
447,5,CVA0001,5/16/2023,5/16/2023,345,0,408 Request time out. Your browser didn't send a complete request in time.
448,5,CVA0001,5/17/2023,5/17/2023,567,1,
449,5,CVA0001,5/18/2023,5/18/2023,345,1,
450,5,CVA0001,5/19/2023,5/19/2023,567,1,
451,5,CVA0001,5/20/2023,5/20/2023,456,1,
452,5,CVA0001,5/21/2023,5/21/2023,765,1,
453,5,CVA0001,5/22/2023,5/22/2023,789,1,
454,5,CVA0001,5/23/2023,5/23/2023,789,1,
455,5,CVA0001,5/24/2023,5/24/2023,990,1,
456,5,CVA0001,5/25/2023,5/25/2023,876,1,
457,5,CVA0001,5/26/2023,5/26/2023,789,1,
458,5,CVA0001,5/27/2023,5/27/2023,678,0,Internal server error: The server encountered an internal error or misconfiguration and was unable to complete your request.
459,5,CVA0001,5/28/2023,5/28/2023,678,1,
460,5,CVA0001,5/29/2023,5/29/2023,567,0,"HTTP 504: Gateway Timeout. The server, while acting as a gateway or proxy, did not recive a timely response from the upsteam server it accessed in attempting to complete the request."
461,5,CVA0001,5/30/2023,5/30/2023,876,1,
462,5,CVA0001,5/31/2023,5/31/2023,987,1,
463,5,CVA0001,6/1/2023,6/1/2023,789,1,
464,5,CVA0001,6/2/2023,6/2/2023,678,1,
465,5,CVA0001,6/3/2023,6/3/2023,789,1,
466,5,CVA0001,6/4/2023,6/4/2023,990,1,
467,5,CVA0001,6/5/2023,6/5/2023,876,1,
468,5,CVA0001,6/6/2023,6/6/2023,789,1,
469,5,CVA0001,6/7/2023,6/7/2023,678,1,
470,5,CVA0001,6/8/2023,6/8/2023,678,1,
471,5,CVA0001,6/9/2023,6/9/2023,567,1,
472,5,CVA0001,6/10/2023,6/10/2023,876,1,
473,5,CVA0001,6/11/2023,6/11/2023,987,1,
474,5,CVA0001,6/12/2023,6/12/2023,789,1,
475,5,CVA0001,6/13/2023,6/13/2023,678,1,
476,5,CVA0001,6/14/2023,6/14/2023,678,1,
477,5,CVA0001,6/15/2023,6/15/2023,789,1,
478,5,CVA0001,6/16/2023,6/16/2023,678,1,
479,5,CVA0001,6/17/2023,6/17/2023,789,1,
480,5,CVA0001,6/18/2023,6/18/2023,990,1,
481,5,CVA0001,6/19/2023,6/19/2023,876,1,
482,5,CVA0001,6/20/2023,6/20/2023,789,1,
483,5,CVA0001,6/21/2023,6/21/2023,678,1,
484,5,CVA0001,6/22/2023,6/22/2023,678,1,
485,5,CVA0001,6/23/2023,6/23/2023,567,1,
486,5,CVA0001,6/24/2023,6/24/2023,876,1,
487,5,CVA0001,6/25/2023,6/25/2023,987,1,
488,5,CVA0001,6/26/2023,6/26/2023,789,1,
489,5,CVA0001,6/27/2023,6/27/2023,678,1,
490,5,CVA0001,6/28/2023,6/28/2023,678,1,
491,5,CVA0001,6/29/2023,6/29/2023,789,1,
492,5,CVA0001,6/30/2023,6/30/2023,678,1,
493,5,CVA0001,7/1/2023,7/1/2023,789,1,
494,5,CVA0001,7/2/2023,7/2/2023,990,1,
495,5,CVA0001,7/3/2023,7/3/2023,876,1,
496,5,CVA0001,7/4/2023,7/4/2023,789,1,
497,5,CVA0001,7/5/2023,7/5/2023,678,1,
498,5,CVA0001,7/6/2023,7/6/2023,678,1,
499,4,HE0001,5/1/2023,5/1/2023,500,1,
500,4,HE0001,5/2/2023,5/2/2023,467,1,
501,4,HE0001,5/3/2023,5/3/2023,789,1,
502,4,HE0001,5/4/2023,5/4/2023,456,0,408 Request time out. Your browser didn't send a complete request in time.
503,4,HE0001,5/5/2023,5/5/2023,876,1,
504,4,HE0001,5/6/2023,5/6/2023,987,0,"HTTP 404. The resources you are looking for (or one of its dependencies) could have been removed, had its name changed or is temporalirly unavailable."
505,4,HE0001,5/7/2023,5/7/2023,345,1,
506,4,HE0001,5/8/2023,5/8/2023,567,0,HTTP 401: Unauthorized: Access is denied due to invalid credentials. 
507,4,HE0001,5/9/2023,5/9/2023,876,1,
508,4,HE0001,5/10/2023,5/10/2023,987,0,Internal server error: The server encountered an internal error or misconfiguration and was unable to complete your request.
509,4,HE0001,5/11/2023,5/11/2023,789,1,
510,4,HE0001,5/12/2023,5/12/2023,678,1,
511,4,HE0001,5/13/2023,5/13/2023,789,1,
512,4,HE0001,5/14/2023,5/14/2023,990,1,
513,4,HE0001,5/15/2023,5/15/2023,876,1,
514,4,HE0001,5/16/2023,5/16/2023,345,1,
515,4,HE0001,5/17/2023,5/17/2023,567,1,
516,4,HE0001,5/18/2023,5/18/2023,345,1,
517,4,HE0001,5/19/2023,5/19/2023,567,1,
518,4,HE0001,5/20/2023,5/20/2023,456,1,
519,4,HE0001,5/21/2023,5/21/2023,765,1,
520,4,HE0001,5/22/2023,5/22/2023,789,1,
521,4,HE0001,5/23/2023,5/23/2023,789,1,
522,4,HE0001,5/24/2023,5/24/2023,990,1,
523,4,HE0001,5/25/2023,5/25/2023,876,1,
524,4,HE0001,5/26/2023,5/26/2023,789,1,
525,4,HE0001,5/27/2023,5/27/2023,678,1,
526,4,HE0001,5/28/2023,5/28/2023,678,1,
527,4,HE0001,5/29/2023,5/29/2023,567,1,
528,4,HE0001,5/30/2023,5/30/2023,876,1,
529,4,HE0001,5/31/2023,5/31/2023,987,1,
530,4,HE0001,6/1/2023,6/1/2023,789,1,
531,4,HE0001,6/2/2023,6/2/2023,678,1,
532,4,HE0001,6/3/2023,6/3/2023,789,1,
533,4,HE0001,6/4/2023,6/4/2023,990,1,
534,4,HE0001,6/5/2023,6/5/2023,876,1,
535,4,HE0001,6/6/2023,6/6/2023,789,1,
536,4,HE0001,6/7/2023,6/7/2023,678,1,
537,4,HE0001,6/8/2023,6/8/2023,678,1,
538,4,HE0001,6/9/2023,6/9/2023,567,1,
539,4,HE0001,6/10/2023,6/10/2023,876,1,
540,4,HE0001,6/11/2023,6/11/2023,987,1,
541,4,HE0001,6/12/2023,6/12/2023,789,1,
542,4,HE0001,6/13/2023,6/13/2023,678,1,
543,4,HE0001,6/14/2023,6/14/2023,678,1,
544,4,HE0001,6/15/2023,6/15/2023,789,1,
545,4,HE0001,6/16/2023,6/16/2023,678,1,
546,4,HE0001,6/17/2023,6/17/2023,789,1,
547,4,HE0001,6/18/2023,6/18/2023,990,1,
548,4,HE0001,6/19/2023,6/19/2023,876,1,
549,4,HE0001,6/20/2023,6/20/2023,789,1,
550,4,HE0001,6/21/2023,6/21/2023,678,1,
551,4,HE0001,6/22/2023,6/22/2023,678,1,
552,4,HE0001,6/23/2023,6/23/2023,567,1,
553,4,HE0001,6/24/2023,6/24/2023,876,1,
554,4,HE0001,6/25/2023,6/25/2023,987,1,
555,4,HE0001,6/26/2023,6/26/2023,789,1,
556,4,HE0001,6/27/2023,6/27/2023,678,1,
557,4,HE0001,6/28/2023,6/28/2023,678,1,
558,4,HE0001,6/29/2023,6/29/2023,789,1,
559,4,HE0001,6/30/2023,6/30/2023,678,1,
560,4,HE0001,7/1/2023,7/1/2023,789,1,
561,4,HE0001,7/2/2023,7/2/2023,990,1,
562,4,HE0001,7/3/2023,7/3/2023,876,1,
563,4,HE0001,7/4/2023,7/4/2023,789,1,
564,4,HE0001,7/5/2023,7/5/2023,678,1,
565,4,HE0001,7/6/2023,7/6/2023,678,1,
566,6,MX0001,5/1/2023,5/1/2023,500,1,
567,6,MX0001,5/2/2023,5/2/2023,467,1,
568,6,MX0001,5/3/2023,5/3/2023,789,1,
569,6,MX0001,5/4/2023,5/4/2023,456,0,"HTTP 404. The resources you are looking for (or one of its dependencies) could have been removed, had its name changed or is temporalirly unavailable."
570,6,MX0001,5/5/2023,5/5/2023,876,1,
571,6,MX0001,5/6/2023,5/6/2023,987,0,HTTP 401: Unauthorized: Access is denied due to invalid credentials. 
572,6,MX0001,5/7/2023,5/7/2023,345,1,
573,6,MX0001,5/8/2023,5/8/2023,567,0,Internal server error: The server encountered an internal error or misconfiguration and was unable to complete your request.
574,6,MX0001,5/9/2023,5/9/2023,876,1,
575,6,MX0001,5/10/2023,5/10/2023,987,0,"HTTP 504: Gateway Timeout. The server, while acting as a gateway or proxy, did not recive a timely response from the upsteam server it accessed in attempting to complete the request."
576,6,MX0001,5/11/2023,5/11/2023,789,1,
577,6,MX0001,5/12/2023,5/12/2023,678,1,
578,6,MX0001,5/13/2023,5/13/2023,789,0,Internal server error: The server encountered an internal error or misconfiguration and was unable to complete your request.
579,6,MX0001,5/14/2023,5/14/2023,990,1,
580,6,MX0001,5/15/2023,5/15/2023,876,1,
581,6,MX0001,5/16/2023,5/16/2023,345,0,HTTP 401: Unauthorized: Access is denied due to invalid credentials. 
582,6,MX0001,5/17/2023,5/17/2023,567,1,
583,6,MX0001,5/18/2023,5/18/2023,345,1,
584,6,MX0001,5/19/2023,5/19/2023,567,1,
585,6,MX0001,5/20/2023,5/20/2023,456,1,
586,6,MX0001,5/21/2023,5/21/2023,765,1,
587,6,MX0001,5/22/2023,5/22/2023,789,1,
588,6,MX0001,5/23/2023,5/23/2023,789,1,
589,6,MX0001,5/24/2023,5/24/2023,990,1,
590,6,MX0001,5/25/2023,5/25/2023,876,1,
591,6,MX0001,5/26/2023,5/26/2023,789,1,
592,6,MX0001,5/27/2023,5/27/2023,678,0,408 Request time out. Your browser didn't send a complete request in time.
593,6,MX0001,5/28/2023,5/28/2023,678,1,
594,6,MX0001,5/29/2023,5/29/2023,567,0,"HTTP 404. The resources you are looking for (or one of its dependencies) could have been removed, had its name changed or is temporalirly unavailable."
595,6,MX0001,5/30/2023,5/30/2023,876,1,
596,6,MX0001,5/31/2023,5/31/2023,987,1,
597,6,MX0001,6/1/2023,6/1/2023,789,0,408 Request time out. Your browser didn't send a complete request in time.
598,6,MX0001,6/2/2023,6/2/2023,678,1,
599,6,MX0001,6/3/2023,6/3/2023,789,0,"HTTP 404. The resources you are looking for (or one of its dependencies) could have been removed, had its name changed or is temporalirly unavailable."
600,6,MX0001,6/4/2023,6/4/2023,990,1,
601,6,MX0001,6/5/2023,6/5/2023,876,1,
602,6,MX0001,6/6/2023,6/6/2023,789,0,408 Request time out. Your browser didn't send a complete request in time.
603,6,MX0001,6/7/2023,6/7/2023,678,1,
604,6,MX0001,6/8/2023,6/8/2023,678,1,
605,6,MX0001,6/9/2023,6/9/2023,567,0,"HTTP 504: Gateway Timeout. The server, while acting as a gateway or proxy, did not recive a timely response from the upsteam server it accessed in attempting to complete the request."
606,6,MX0001,6/10/2023,6/10/2023,876,1,
607,6,MX0001,6/11/2023,6/11/2023,987,1,
608,6,MX0001,6/12/2023,6/12/2023,789,1,
609,6,MX0001,6/13/2023,6/13/2023,678,1,
610,6,MX0001,6/14/2023,6/14/2023,678,1,
611,6,MX0001,6/15/2023,6/15/2023,789,1,
612,6,MX0001,6/16/2023,6/16/2023,678,1,
613,6,MX0001,6/17/2023,6/17/2023,789,0,Internal server error: The server encountered an internal error or misconfiguration and was unable to complete your request.
614,6,MX0001,6/18/2023,6/18/2023,990,1,
615,6,MX0001,6/19/2023,6/19/2023,876,1,
616,6,MX0001,6/20/2023,6/20/2023,789,0,HTTP 401: Unauthorized: Access is denied due to invalid credentials. 
617,6,MX0001,6/21/2023,6/21/2023,678,1,
618,6,MX0001,6/22/2023,6/22/2023,678,0,Internal server error: The server encountered an internal error or misconfiguration and was unable to complete your request.
619,6,MX0001,6/23/2023,6/23/2023,567,1,
620,6,MX0001,6/24/2023,6/24/2023,876,1,
621,6,MX0001,6/25/2023,6/25/2023,987,1,
622,6,MX0001,6/26/2023,6/26/2023,789,1,
623,6,MX0001,6/27/2023,6/27/2023,678,1,
624,6,MX0001,6/28/2023,6/28/2023,678,1,
625,6,MX0001,6/29/2023,6/29/2023,789,1,
626,6,MX0001,6/30/2023,6/30/2023,678,1,
627,6,MX0001,7/1/2023,7/1/2023,789,1,
628,6,MX0001,7/2/2023,7/2/2023,990,1,
629,6,MX0001,7/3/2023,7/3/2023,876,1,
630,6,MX0001,7/4/2023,7/4/2023,789,1,
631,6,MX0001,7/5/2023,7/5/2023,678,1,
632,6,MX0001,7/6/2023,7/6/2023,678,1,
633,2,AGI002,5/1/2023,5/1/2023,500,1,
634,2,AGI002,5/2/2023,5/2/2023,467,1,
635,2,AGI002,5/3/2023,5/3/2023,789,1,
636,2,AGI002,5/4/2023,5/4/2023,456,0,HTTP 401: Unauthorized: Access is denied due to invalid credentials. 
637,2,AGI002,5/5/2023,5/5/2023,876,1,
638,2,AGI002,5/6/2023,5/6/2023,987,0,Internal server error: The server encountered an internal error or misconfiguration and was unable to complete your request.
639,2,AGI002,5/7/2023,5/7/2023,345,1,
640,2,AGI002,5/8/2023,5/8/2023,567,0,"HTTP 504: Gateway Timeout. The server, while acting as a gateway or proxy, did not recive a timely response from the upsteam server it accessed in attempting to complete the request."
641,2,AGI002,5/9/2023,5/9/2023,876,1,
642,2,AGI002,5/10/2023,5/10/2023,987,0,408 Request time out. Your browser didn't send a complete request in time.
643,2,AGI002,5/11/2023,5/11/2023,789,1,
644,2,AGI002,5/12/2023,5/12/2023,678,1,
645,2,AGI002,5/13/2023,5/13/2023,789,0,"HTTP 504: Gateway Timeout. The server, while acting as a gateway or proxy, did not recive a timely response from the upsteam server it accessed in attempting to complete the request."
646,2,AGI002,5/14/2023,5/14/2023,990,1,
647,2,AGI002,5/15/2023,5/15/2023,876,1,
648,2,AGI002,5/16/2023,5/16/2023,345,0,Internal server error: The server encountered an internal error or misconfiguration and was unable to complete your request.
649,2,AGI002,5/17/2023,5/17/2023,567,1,
650,2,AGI002,5/18/2023,5/18/2023,345,1,
651,2,AGI002,5/19/2023,5/19/2023,567,1,
652,2,AGI002,5/20/2023,5/20/2023,456,1,
653,2,AGI002,5/21/2023,5/21/2023,765,1,
654,2,AGI002,5/22/2023,5/22/2023,789,1,
655,2,AGI002,5/23/2023,5/23/2023,789,1,
656,2,AGI002,5/24/2023,5/24/2023,990,1,
657,2,AGI002,5/25/2023,5/25/2023,876,1,
658,2,AGI002,5/26/2023,5/26/2023,789,1,
659,2,AGI002,5/27/2023,5/27/2023,678,0,"HTTP 404. The resources you are looking for (or one of its dependencies) could have been removed, had its name changed or is temporalirly unavailable."
660,2,AGI002,5/28/2023,5/28/2023,678,1,
661,2,AGI002,5/29/2023,5/29/2023,567,0,HTTP 401: Unauthorized: Access is denied due to invalid credentials. 
662,2,AGI002,5/30/2023,5/30/2023,876,1,
663,2,AGI002,5/31/2023,5/31/2023,987,1,
664,2,AGI002,6/1/2023,6/1/2023,789,0,"HTTP 404. The resources you are looking for (or one of its dependencies) could have been removed, had its name changed or is temporalirly unavailable."
665,2,AGI002,6/2/2023,6/2/2023,678,1,
666,2,AGI002,6/3/2023,6/3/2023,789,0,HTTP 401: Unauthorized: Access is denied due to invalid credentials. 
667,2,AGI002,6/4/2023,6/4/2023,990,1,
668,2,AGI002,6/5/2023,6/5/2023,876,1,
669,2,AGI002,6/6/2023,6/6/2023,789,0,"HTTP 404. The resources you are looking for (or one of its dependencies) could have been removed, had its name changed or is temporalirly unavailable."
670,2,AGI002,6/7/2023,6/7/2023,678,1,
671,2,AGI002,6/8/2023,6/8/2023,678,1,
672,2,AGI002,6/9/2023,6/9/2023,567,0,408 Request time out. Your browser didn't send a complete request in time.
673,2,AGI002,6/10/2023,6/10/2023,876,1,
674,2,AGI002,6/11/2023,6/11/2023,987,1,
675,2,AGI002,6/12/2023,6/12/2023,789,1,
676,2,AGI002,6/13/2023,6/13/2023,678,1,
677,2,AGI002,6/14/2023,6/14/2023,678,1,
678,2,AGI002,6/15/2023,6/15/2023,789,1,
679,2,AGI002,6/16/2023,6/16/2023,678,1,
680,2,AGI002,6/17/2023,6/17/2023,789,0,"HTTP 504: Gateway Timeout. The server, while acting as a gateway or proxy, did not recive a timely response from the upsteam server it accessed in attempting to complete the request."
681,2,AGI002,6/18/2023,6/18/2023,990,1,
682,2,AGI002,6/19/2023,6/19/2023,876,1,
683,2,AGI002,6/20/2023,6/20/2023,789,0,Internal server error: The server encountered an internal error or misconfiguration and was unable to complete your request.
684,2,AGI002,6/21/2023,6/21/2023,678,1,
685,2,AGI002,6/22/2023,6/22/2023,678,0,"HTTP 504: Gateway Timeout. The server, while acting as a gateway or proxy, did not recive a timely response from the upsteam server it accessed in attempting to complete the request."
686,2,AGI002,6/23/2023,6/23/2023,567,1,
687,2,AGI002,6/24/2023,6/24/2023,876,1,
688,2,AGI002,6/25/2023,6/25/2023,987,1,
689,2,AGI002,6/26/2023,6/26/2023,789,1,
690,2,AGI002,6/27/2023,6/27/2023,678,1,
691,2,AGI002,6/28/2023,6/28/2023,678,1,
692,2,AGI002,6/29/2023,6/29/2023,789,1,
693,2,AGI002,6/30/2023,6/30/2023,678,1,
694,2,AGI002,7/1/2023,7/1/2023,789,1,
695,2,AGI002,7/2/2023,7/2/2023,990,1,
696,2,AGI002,7/3/2023,7/3/2023,876,1,
697,2,AGI002,7/4/2023,7/4/2023,789,1,
698,2,AGI002,7/5/2023,7/5/2023,678,1,
699,2,AGI002,7/6/2023,7/6/2023,678,1,
700,3,CGL0002,5/1/2023,5/1/2023,500,1,
701,3,CGL0002,5/2/2023,5/2/2023,467,1,
702,3,CGL0002,5/3/2023,5/3/2023,789,1,
703,3,CGL0002,5/4/2023,5/4/2023,456,0,Internal server error: The server encountered an internal error or misconfiguration and was unable to complete your request.
704,3,CGL0002,5/5/2023,5/5/2023,876,1,
705,3,CGL0002,5/6/2023,5/6/2023,987,0,"HTTP 504: Gateway Timeout. The server, while acting as a gateway or proxy, did not recive a timely response from the upsteam server it accessed in attempting to complete the request."
706,3,CGL0002,5/7/2023,5/7/2023,345,1,
707,3,CGL0002,5/8/2023,5/8/2023,567,0,408 Request time out. Your browser didn't send a complete request in time.
708,3,CGL0002,5/9/2023,5/9/2023,876,1,
709,3,CGL0002,5/10/2023,5/10/2023,987,0,"HTTP 404. The resources you are looking for (or one of its dependencies) could have been removed, had its name changed or is temporalirly unavailable."
710,3,CGL0002,5/11/2023,5/11/2023,789,1,
711,3,CGL0002,5/12/2023,5/12/2023,678,1,
712,3,CGL0002,5/13/2023,5/13/2023,789,0,408 Request time out. Your browser didn't send a complete request in time.
713,3,CGL0002,5/14/2023,5/14/2023,990,1,
714,3,CGL0002,5/15/2023,5/15/2023,876,1,
715,3,CGL0002,5/16/2023,5/16/2023,345,0,"HTTP 504: Gateway Timeout. The server, while acting as a gateway or proxy, did not recive a timely response from the upsteam server it accessed in attempting to complete the request."
716,3,CGL0002,5/17/2023,5/17/2023,567,1,
717,3,CGL0002,5/18/2023,5/18/2023,345,1,
718,3,CGL0002,5/19/2023,5/19/2023,567,1,
719,3,CGL0002,5/20/2023,5/20/2023,456,1,
720,3,CGL0002,5/21/2023,5/21/2023,765,1,
721,3,CGL0002,5/22/2023,5/22/2023,789,1,
722,3,CGL0002,5/23/2023,5/23/2023,789,1,
723,3,CGL0002,5/24/2023,5/24/2023,990,1,
724,3,CGL0002,5/25/2023,5/25/2023,876,1,
725,3,CGL0002,5/26/2023,5/26/2023,789,1,
726,3,CGL0002,5/27/2023,5/27/2023,678,0,HTTP 401: Unauthorized: Access is denied due to invalid credentials. 
727,3,CGL0002,5/28/2023,5/28/2023,678,1,
728,3,CGL0002,5/29/2023,5/29/2023,567,0,Internal server error: The server encountered an internal error or misconfiguration and was unable to complete your request.
729,3,CGL0002,5/30/2023,5/30/2023,876,1,
730,3,CGL0002,5/31/2023,5/31/2023,987,1,
731,3,CGL0002,6/1/2023,6/1/2023,789,0,HTTP 401: Unauthorized: Access is denied due to invalid credentials. 
732,3,CGL0002,6/2/2023,6/2/2023,678,1,
733,3,CGL0002,6/3/2023,6/3/2023,789,0,Internal server error: The server encountered an internal error or misconfiguration and was unable to complete your request.
734,3,CGL0002,6/4/2023,6/4/2023,990,1,
735,3,CGL0002,6/5/2023,6/5/2023,876,1,
736,3,CGL0002,6/6/2023,6/6/2023,789,0,HTTP 401: Unauthorized: Access is denied due to invalid credentials. 
737,3,CGL0002,6/7/2023,6/7/2023,678,1,
738,3,CGL0002,6/8/2023,6/8/2023,678,1,
739,3,CGL0002,6/9/2023,6/9/2023,567,0,"HTTP 404. The resources you are looking for (or one of its dependencies) could have been removed, had its name changed or is temporalirly unavailable."
740,3,CGL0002,6/10/2023,6/10/2023,876,1,
741,3,CGL0002,6/11/2023,6/11/2023,987,1,
742,3,CGL0002,6/12/2023,6/12/2023,789,1,
743,3,CGL0002,6/13/2023,6/13/2023,678,1,
744,3,CGL0002,6/14/2023,6/14/2023,678,1,
745,3,CGL0002,6/15/2023,6/15/2023,789,1,
746,3,CGL0002,6/16/2023,6/16/2023,678,1,
747,3,CGL0002,6/17/2023,6/17/2023,789,0,408 Request time out. Your browser didn't send a complete request in time.
748,3,CGL0002,6/18/2023,6/18/2023,990,1,
749,3,CGL0002,6/19/2023,6/19/2023,876,1,
750,3,CGL0002,6/20/2023,6/20/2023,789,0,"HTTP 504: Gateway Timeout. The server, while acting as a gateway or proxy, did not recive a timely response from the upsteam server it accessed in attempting to complete the request."
751,3,CGL0002,6/21/2023,6/21/2023,678,1,
752,3,CGL0002,6/22/2023,6/22/2023,678,0,408 Request time out. Your browser didn't send a complete request in time.
753,3,CGL0002,6/23/2023,6/23/2023,567,1,
754,3,CGL0002,6/24/2023,6/24/2023,876,1,
755,3,CGL0002,6/25/2023,6/25/2023,987,1,
756,3,CGL0002,6/26/2023,6/26/2023,789,1,
757,3,CGL0002,6/27/2023,6/27/2023,678,1,
758,3,CGL0002,6/28/2023,6/28/2023,678,1,
759,3,CGL0002,6/29/2023,6/29/2023,789,1,
760,3,CGL0002,6/30/2023,6/30/2023,678,1,
761,3,CGL0002,7/1/2023,7/1/2023,789,1,
762,3,CGL0002,7/2/2023,7/2/2023,990,1,
763,3,CGL0002,7/3/2023,7/3/2023,876,1,
764,3,CGL0002,7/4/2023,7/4/2023,789,1,
765,3,CGL0002,7/5/2023,7/5/2023,678,1,
766,3,CGL0002,7/6/2023,7/6/2023,678,1,
767,5,CVA0002,5/1/2023,5/1/2023,500,1,
768,5,CVA0002,5/2/2023,5/2/2023,467,1,
769,5,CVA0002,5/3/2023,5/3/2023,789,1,
770,5,CVA0002,5/4/2023,5/4/2023,456,1,
771,5,CVA0002,5/5/2023,5/5/2023,876,1,
772,5,CVA0002,5/6/2023,5/6/2023,987,1,
773,5,CVA0002,5/7/2023,5/7/2023,345,1,
774,5,CVA0002,5/8/2023,5/8/2023,567,0,"HTTP 404. The resources you are looking for (or one of its dependencies) could have been removed, had its name changed or is temporalirly unavailable."
775,5,CVA0002,5/9/2023,5/9/2023,876,1,
776,5,CVA0002,5/10/2023,5/10/2023,987,0,HTTP 401: Unauthorized: Access is denied due to invalid credentials. 
777,5,CVA0002,5/11/2023,5/11/2023,789,1,
778,5,CVA0002,5/12/2023,5/12/2023,678,1,
779,5,CVA0002,5/13/2023,5/13/2023,789,0,"HTTP 404. The resources you are looking for (or one of its dependencies) could have been removed, had its name changed or is temporalirly unavailable."
780,5,CVA0002,5/14/2023,5/14/2023,990,1,
781,5,CVA0002,5/15/2023,5/15/2023,876,1,
782,5,CVA0002,5/16/2023,5/16/2023,345,0,408 Request time out. Your browser didn't send a complete request in time.
783,5,CVA0002,5/17/2023,5/17/2023,567,1,
784,5,CVA0002,5/18/2023,5/18/2023,345,1,
785,5,CVA0002,5/19/2023,5/19/2023,567,1,
786,5,CVA0002,5/20/2023,5/20/2023,456,1,
787,5,CVA0002,5/21/2023,5/21/2023,765,1,
788,5,CVA0002,5/22/2023,5/22/2023,789,1,
789,5,CVA0002,5/23/2023,5/23/2023,789,1,
790,5,CVA0002,5/24/2023,5/24/2023,990,1,
791,5,CVA0002,5/25/2023,5/25/2023,876,1,
792,5,CVA0002,5/26/2023,5/26/2023,789,1,
793,5,CVA0002,5/27/2023,5/27/2023,678,0,Internal server error: The server encountered an internal error or misconfiguration and was unable to complete your request.
794,5,CVA0002,5/28/2023,5/28/2023,678,1,
795,5,CVA0002,5/29/2023,5/29/2023,567,0,"HTTP 504: Gateway Timeout. The server, while acting as a gateway or proxy, did not recive a timely response from the upsteam server it accessed in attempting to complete the request."
796,5,CVA0002,5/30/2023,5/30/2023,876,1,
797,5,CVA0002,5/31/2023,5/31/2023,987,1,
798,5,CVA0002,6/1/2023,6/1/2023,789,0,Internal server error: The server encountered an internal error or misconfiguration and was unable to complete your request.
799,5,CVA0002,6/2/2023,6/2/2023,678,1,
800,5,CVA0002,6/3/2023,6/3/2023,789,0,"HTTP 504: Gateway Timeout. The server, while acting as a gateway or proxy, did not recive a timely response from the upsteam server it accessed in attempting to complete the request."
801,5,CVA0002,6/4/2023,6/4/2023,990,1,
802,5,CVA0002,6/5/2023,6/5/2023,876,1,
803,5,CVA0002,6/6/2023,6/6/2023,789,1,
804,5,CVA0002,6/7/2023,6/7/2023,678,1,
805,5,CVA0002,6/8/2023,6/8/2023,678,1,
806,5,CVA0002,6/9/2023,6/9/2023,567,1,
807,5,CVA0002,6/10/2023,6/10/2023,876,1,
808,5,CVA0002,6/11/2023,6/11/2023,987,1,
809,5,CVA0002,6/12/2023,6/12/2023,789,1,
810,5,CVA0002,6/13/2023,6/13/2023,678,1,
811,5,CVA0002,6/14/2023,6/14/2023,678,1,
812,5,CVA0002,6/15/2023,6/15/2023,789,1,
813,5,CVA0002,6/16/2023,6/16/2023,678,1,
814,5,CVA0002,6/17/2023,6/17/2023,789,1,
815,5,CVA0002,6/18/2023,6/18/2023,990,1,
816,5,CVA0002,6/19/2023,6/19/2023,876,1,
817,5,CVA0002,6/20/2023,6/20/2023,789,1,
818,5,CVA0002,6/21/2023,6/21/2023,678,1,
819,5,CVA0002,6/22/2023,6/22/2023,678,1,
820,5,CVA0002,6/23/2023,6/23/2023,567,1,
821,5,CVA0002,6/24/2023,6/24/2023,876,1,
822,5,CVA0002,6/25/2023,6/25/2023,987,1,
823,5,CVA0002,6/26/2023,6/26/2023,789,1,
824,5,CVA0002,6/27/2023,6/27/2023,678,1,
825,5,CVA0002,6/28/2023,6/28/2023,678,1,
826,5,CVA0002,6/29/2023,6/29/2023,789,1,
827,5,CVA0002,6/30/2023,6/30/2023,678,1,
828,5,CVA0002,7/1/2023,7/1/2023,789,1,
829,5,CVA0002,7/2/2023,7/2/2023,990,1,
830,5,CVA0002,7/3/2023,7/3/2023,876,1,
831,5,CVA0002,7/4/2023,7/4/2023,789,1,
832,5,CVA0002,7/5/2023,7/5/2023,678,1,
833,5,CVA0002,7/6/2023,7/6/2023,678,1,
834,4,HE0002,5/1/2023,5/1/2023,500,1,
835,4,HE0002,5/2/2023,5/2/2023,467,1,
836,4,HE0002,5/3/2023,5/3/2023,789,1,
837,4,HE0002,5/4/2023,5/4/2023,456,0,408 Request time out. Your browser didn't send a complete request in time.
838,4,HE0002,5/5/2023,5/5/2023,876,1,
839,4,HE0002,5/6/2023,5/6/2023,987,0,"HTTP 404. The resources you are looking for (or one of its dependencies) could have been removed, had its name changed or is temporalirly unavailable."
840,4,HE0002,5/7/2023,5/7/2023,345,1,
841,4,HE0002,5/8/2023,5/8/2023,567,0,HTTP 401: Unauthorized: Access is denied due to invalid credentials. 
842,4,HE0002,5/9/2023,5/9/2023,876,1,
843,4,HE0002,5/10/2023,5/10/2023,987,0,Internal server error: The server encountered an internal error or misconfiguration and was unable to complete your request.
844,4,HE0002,5/11/2023,5/11/2023,789,1,
845,4,HE0002,5/12/2023,5/12/2023,678,1,
846,4,HE0002,5/13/2023,5/13/2023,789,0,HTTP 401: Unauthorized: Access is denied due to invalid credentials. 
847,4,HE0002,5/14/2023,5/14/2023,990,1,
848,4,HE0002,5/15/2023,5/15/2023,876,1,
849,4,HE0002,5/16/2023,5/16/2023,345,0,"HTTP 404. The resources you are looking for (or one of its dependencies) could have been removed, had its name changed or is temporalirly unavailable."
850,4,HE0002,5/17/2023,5/17/2023,567,1,
851,4,HE0002,5/18/2023,5/18/2023,345,1,
852,4,HE0002,5/19/2023,5/19/2023,567,1,
853,4,HE0002,5/20/2023,5/20/2023,456,1,
854,4,HE0002,5/21/2023,5/21/2023,765,1,
855,4,HE0002,5/22/2023,5/22/2023,789,1,
856,4,HE0002,5/23/2023,5/23/2023,789,1,
857,4,HE0002,5/24/2023,5/24/2023,990,1,
858,4,HE0002,5/25/2023,5/25/2023,876,1,
859,4,HE0002,5/26/2023,5/26/2023,789,1,
860,4,HE0002,5/27/2023,5/27/2023,678,0,"HTTP 504: Gateway Timeout. The server, while acting as a gateway or proxy, did not recive a timely response from the upsteam server it accessed in attempting to complete the request."
861,4,HE0002,5/28/2023,5/28/2023,678,1,
862,4,HE0002,5/29/2023,5/29/2023,567,0,408 Request time out. Your browser didn't send a complete request in time.
863,4,HE0002,5/30/2023,5/30/2023,876,1,
864,4,HE0002,5/31/2023,5/31/2023,987,1,
865,4,HE0002,6/1/2023,6/1/2023,789,0,"HTTP 504: Gateway Timeout. The server, while acting as a gateway or proxy, did not recive a timely response from the upsteam server it accessed in attempting to complete the request."
866,4,HE0002,6/2/2023,6/2/2023,678,1,
867,4,HE0002,6/3/2023,6/3/2023,789,0,408 Request time out. Your browser didn't send a complete request in time.
868,4,HE0002,6/4/2023,6/4/2023,990,1,
869,4,HE0002,6/5/2023,6/5/2023,876,1,
870,4,HE0002,6/6/2023,6/6/2023,789,0,"HTTP 504: Gateway Timeout. The server, while acting as a gateway or proxy, did not recive a timely response from the upsteam server it accessed in attempting to complete the request."
871,4,HE0002,6/7/2023,6/7/2023,678,1,
872,4,HE0002,6/8/2023,6/8/2023,678,1,
873,4,HE0002,6/9/2023,6/9/2023,567,0,Internal server error: The server encountered an internal error or misconfiguration and was unable to complete your request.
874,4,HE0002,6/10/2023,6/10/2023,876,1,
875,4,HE0002,6/11/2023,6/11/2023,987,1,
876,4,HE0002,6/12/2023,6/12/2023,789,1,
877,4,HE0002,6/13/2023,6/13/2023,678,1,
878,4,HE0002,6/14/2023,6/14/2023,678,1,
879,4,HE0002,6/15/2023,6/15/2023,789,1,
880,4,HE0002,6/16/2023,6/16/2023,678,1,
881,4,HE0002,6/17/2023,6/17/2023,789,0,HTTP 401: Unauthorized: Access is denied due to invalid credentials. 
882,4,HE0002,6/18/2023,6/18/2023,990,1,
883,4,HE0002,6/19/2023,6/19/2023,876,1,
884,4,HE0002,6/20/2023,6/20/2023,789,0,"HTTP 404. The resources you are looking for (or one of its dependencies) could have been removed, had its name changed or is temporalirly unavailable."
885,4,HE0002,6/21/2023,6/21/2023,678,1,
886,4,HE0002,6/22/2023,6/22/2023,678,0,HTTP 401: Unauthorized: Access is denied due to invalid credentials. 
887,4,HE0002,6/23/2023,6/23/2023,567,1,
888,4,HE0002,6/24/2023,6/24/2023,876,1,
889,4,HE0002,6/25/2023,6/25/2023,987,1,
890,4,HE0002,6/26/2023,6/26/2023,789,1,
891,4,HE0002,6/27/2023,6/27/2023,678,1,
892,4,HE0002,6/28/2023,6/28/2023,678,1,
893,4,HE0002,6/29/2023,6/29/2023,789,1,
894,4,HE0002,6/30/2023,6/30/2023,678,1,
895,4,HE0002,7/1/2023,7/1/2023,789,1,
896,4,HE0002,7/2/2023,7/2/2023,990,1,
897,4,HE0002,7/3/2023,7/3/2023,876,1,
898,4,HE0002,7/4/2023,7/4/2023,789,1,
899,4,HE0002,7/5/2023,7/5/2023,678,1,
900,4,HE0002,7/6/2023,7/6/2023,678,1,
901,3,CGL0003,5/8/2023,5/8/2023,789,0,HTTP 401: Unauthorized: Access is denied due to invalid credentials. 
902,3,CGL0003,5/22/2023,5/22/2023,567,1,
903,3,CGL0003,5/29/2023,5/29/2023,678,1,
904,3,CGL0003,6/5/2023,6/5/2023,567,0,"HTTP 404. The resources you are looking for (or one of its dependencies) could have been removed, had its name changed or is temporalirly unavailable."
905,3,CGL0003,6/12/2023,6/12/2023,901,1,
906,3,CGL0003,6/19/2023,6/19/2023,567,1,
907,3,CGL0003,6/26/2023,6/26/2023,567,0,408 Request time out. Your browser didn't send a complete request in time.
908,3,CGL0003,7/3/2023,7/3/2023,567,1,
909,5,CVA0003,5/1/2023,5/1/2023,987,1,
910,5,CVA0003,5/8/2023,5/8/2023,789,1,
911,5,CVA0003,5/22/2023,5/22/2023,567,1,
912,5,CVA0003,5/29/2023,5/29/2023,678,1,
913,5,CVA0003,6/5/2023,6/5/2023,567,1,
914,5,CVA0003,6/12/2023,6/12/2023,901,1,
915,5,CVA0003,6/19/2023,6/19/2023,567,1,
916,5,CVA0003,6/26/2023,6/26/2023,567,1,
917,5,CVA0003,7/3/2023,7/3/2023,567,1,
918,4,HE0003,5/1/2023,5/1/2023,987,1,
919,4,HE0003,5/8/2023,5/8/2023,789,0,"HTTP 404. The resources you are looking for (or one of its dependencies) could have been removed, had its name changed or is temporalirly unavailable."
920,4,HE0003,5/22/2023,5/22/2023,567,1,
921,4,HE0003,5/29/2023,5/29/2023,678,1,
922,4,HE0003,6/5/2023,6/5/2023,567,0,408 Request time out. Your browser didn't send a complete request in time.
923,4,HE0003,6/12/2023,6/12/2023,901,1,
924,4,HE0003,6/19/2023,6/19/2023,567,1,
925,4,HE0003,6/26/2023,6/26/2023,567,0,"HTTP 504: Gateway Timeout. The server, while acting as a gateway or proxy, did not recive a timely response from the upsteam server it accessed in attempting to complete the request."
926,4,HE0003,7/3/2023,7/3/2023,567,1,
927,6,MX0003,5/1/2023,5/1/2023,789,1,
928,7,RP0003,5/1/2023,5/1/2023,789,1,
929,6,MX0003,5/8/2023,5/8/2023,678,1,
930,7,RP0003,5/8/2023,5/8/2023,678,1,
931,6,MX0003,5/15/2023,5/15/2023,678,1,
932,7,RP0003,5/15/2023,5/15/2023,678,1,
933,6,MX0003,5/22/2023,5/22/2023,567,0,Internal server error: The server encountered an internal error or misconfiguration and was unable to complete your request.
934,7,RP0003,5/22/2023,5/22/2023,567,1,
935,6,MX0003,5/29/2023,5/29/2023,678,1,
936,7,RP0003,5/29/2023,5/29/2023,678,0,HTTP 401: Unauthorized: Access is denied due to invalid credentials. 
937,6,MX0003,6/5/2023,6/5/2023,567,1,
938,7,RP0003,6/5/2023,6/5/2023,567,1,
939,6,MX0003,6/12/2023,6/12/2023,901,0,"HTTP 404. The resources you are looking for (or one of its dependencies) could have been removed, had its name changed or is temporalirly unavailable."
940,7,RP0003,6/12/2023,6/12/2023,901,1,
941,6,MX0003,6/19/2023,6/19/2023,567,1,
942,7,RP0003,6/19/2023,6/19/2023,567,1,
943,6,MX0003,6/26/2023,6/26/2023,567,1,
944,7,RP0003,6/26/2023,6/26/2023,567,1,
945,6,MX0003,7/3/2023,7/3/2023,567,1,
946,7,RP0003,7/3/2023,7/3/2023,567,1,
947,3,CGL0004,5/1/2023,5/1/2023,678,1,
948,3,CGL0004,6/1/2023,6/1/2023,789,0,Internal server error: The server encountered an internal error or misconfiguration and was unable to complete your request.
949,3,CGL0004,7/1/2023,7/1/2023,901,1,
950,2,AGI0004,5/1/2023,5/1/2023,678,0,"HTTP 504: Gateway Timeout. The server, while acting as a gateway or proxy, did not recive a timely response from the upsteam server it accessed in attempting to complete the request."
951,2,AGI0004,6/1/2023,6/1/2023,789,0,HTTP 401: Unauthorized: Access is denied due to invalid credentials. 
952,2,AGI0004,7/1/2023,7/1/2023,901,1,
953,5,CVA0004,5/1/2023,5/1/2023,678,1,
954,5,CVA0004,6/1/2023,6/1/2023,789,0,"HTTP 404. The resources you are looking for (or one of its dependencies) could have been removed, had its name changed or is temporalirly unavailable."
955,5,CVA0004,7/1/2023,7/1/2023,901,0,"HTTP 504: Gateway Timeout. The server, while acting as a gateway or proxy, did not recive a timely response from the upsteam server it accessed in attempting to complete the request."
956,4,HP0004,5/1/2023,5/1/2023,678,1,
957,4,HP0004,6/1/2023,6/1/2023,789,0,408 Request time out. Your browser didn't send a complete request in time.
958,4,HP0004,7/1/2023,7/1/2023,901,1,
959,6,MX0004,5/1/2023,5/1/2023,678,1,
960,6,MX0004,6/1/2023,6/1/2023,789,0,"HTTP 504: Gateway Timeout. The server, while acting as a gateway or proxy, did not recive a timely response from the upsteam server it accessed in attempting to complete the request."
961,6,MX0004,7/1/2023,7/1/2023,901,1,
